region,baseline_wili,season,source
National,3.1,2025-26,https://www.cdc.gov/fluview/overview/index.html
Region 1,2.2,2025-26,https://www.cdc.gov/fluview/overview/index.html
Region 2,4.5,2025-26,https://www.cdc.gov/fluview/overview/index.html
Region 3,2.7,2025-26,https://www.cdc.gov/fluview/overview/index.html
Region 4,3.4,2025-26,https://www.cdc.gov/fluview/overview/index.html
Region 5,2.3,2025-26,https://www.cdc.gov/fluview/overview/index.html
Region 6,4.1,2025-26,https://www.cdc.gov/fluview/overview/index.html
Region 7,2.0,2025-26,https://www.cdc.gov/fluview/overview/index.html
Region 8,2.7,2025-26,https://www.cdc.gov/fluview/overview/index.html
Region 9,3.9,2025-26,https://www.cdc.gov/fluview/overview/index.html
Region 10,2.1,2025-26,https://www.cdc.gov/fluview/overview/index.html
