"*Beginning for the 2015-16 season, reports from public health and clinical laboratories are presented separately in the weekly influenza update, FluView.  Data presented from public health laboratories include the weekly total number of specimens tested, the number of positive influenza tests, and the number by influenza virus type, subtype, and influenza B lineage."
REGION TYPE,REGION,YEAR,WEEK,TOTAL SPECIMENS,A (2009 H1N1),A (H3),A (Subtyping not Performed),B,BVic,BYam,H3N2v,A (H5)
National,X,2019,40,987,25,57,21,7,56,1,0,0
National,X,2019,41,1101,33,64,22,7,70,2,0,0
National,X,2019,42,1256,36,82,24,13,77,3,0,0
National,X,2019,43,1494,53,78,48,20,96,5,0,0
National,X,2019,44,1597,52,61,83,39,120,5,0,0
National,X,2019,45,2347,122,74,205,74,234,10,0,0
National,X,2019,46,2208,149,58,146,89,330,10,0,0
National,X,2019,47,2808,258,78,173,173,423,10,0,0
National,X,2019,48,2359,369,83,92,141,500,10,0,0
National,X,2019,49,3259,513,83,86,195,657,14,0,0
National,X,2019,50,3504,620,78,41,311,807,15,0,0
National,X,2019,51,4014,915,52,52,276,1110,16,0,0
National,X,2019,52,4214,1210,88,27,348,1326,24,0,0
National,X,2020,1,4240,1262,101,45,189,1275,23,0,0
National,X,2020,2,4531,1338,86,34,223,1145,20,0,0
National,X,2020,3,4932,1598,73,56,252,1244,12,0,0
National,X,2020,4,5000,1769,79,37,256,1137,8,0,0
National,X,2020,5,6124,2366,92,50,309,1073,8,0,0
National,X,2020,6,5665,2355,91,64,288,875,5,0,0
National,X,2020,7,5035,2052,65,129,280,744,10,0,0
National,X,2020,8,4344,1752,76,119,169,564,9,0,0
National,X,2020,9,3972,1667,63,50,141,454,8,0,0
National,X,2020,10,4156,1612,73,65,132,352,8,0,0
National,X,2020,11,3615,1138,74,52,93,197,3,0,0
National,X,2020,12,2865,444,30,23,50,77,1,0,0
National,X,2020,13,2150,100,7,8,34,20,2,0,0
National,X,2020,14,1479,37,1,4,7,5,0,0,0
National,X,2020,15,1024,28,0,3,4,0,0,0,0
National,X,2020,16,887,19,0,0,3,2,0,0,0
National,X,2020,17,826,26,0,0,4,0,0,0,0
National,X,2020,18,750,23,0,1,2,1,0,0,0
National,X,2020,19,661,26,1,0,2,0,0,0,0
National,X,2020,20,688,24,0,0,3,0,0,0,0
National,X,2020,21,555,0,0,1,0,0,0,0,0
National,X,2020,22,533,2,0,1,1,0,0,0,0
National,X,2020,23,362,0,0,0,2,0,0,0,0
National,X,2020,24,351,1,0,1,3,1,0,0,0
National,X,2020,25,401,0,0,0,0,0,0,0,0
National,X,2020,26,215,0,0,3,0,0,0,0,0
National,X,2020,27,201,0,0,0,0,0,0,1,0
National,X,2020,28,265,0,0,1,1,0,0,0,0
National,X,2020,29,258,0,0,0,0,0,0,0,0
National,X,2020,30,260,0,0,2,0,0,0,0,0
National,X,2020,31,209,0,0,0,0,0,0,0,0
National,X,2020,32,186,0,0,0,0,0,0,0,0
National,X,2020,33,133,0,0,0,1,0,0,0,0
National,X,2020,34,221,0,0,0,0,0,0,0,0
National,X,2020,35,2357,0,0,0,0,0,0,0,0
National,X,2020,36,2577,0,0,2,1,0,0,0,0
National,X,2020,37,159,0,1,0,0,0,0,0,0
National,X,2020,38,217,0,0,1,0,0,0,0,0
National,X,2020,39,2801,0,0,1,0,0,0,0,0
National,X,2020,40,11625,0,0,3,2,0,0,0,0
National,X,2020,41,12238,3,2,3,5,1,0,0,0
National,X,2020,42,11400,0,1,4,5,0,0,0,0
National,X,2020,43,15744,1,1,11,4,0,0,0,0
National,X,2020,44,20424,0,1,7,13,1,2,0,0
National,X,2020,45,26500,0,1,6,9,0,0,0,0
National,X,2020,46,25765,3,4,6,5,0,1,0,0
National,X,2020,47,19256,0,3,0,2,0,2,0,0
National,X,2020,48,11230,2,0,6,2,1,0,0,0
National,X,2020,49,17684,0,0,5,4,2,3,0,0
National,X,2020,50,16500,3,3,8,1,2,0,0,0
National,X,2020,51,15179,0,0,5,4,0,0,0,0
National,X,2020,52,12475,0,0,2,2,0,0,0,0
National,X,2020,53,11282,1,2,6,3,0,0,0,0
National,X,2021,1,17564,0,2,6,3,1,0,0,0
National,X,2021,2,15700,0,1,4,3,1,0,1,0
National,X,2021,3,13900,0,1,2,1,0,0,0,0
National,X,2021,4,13218,1,0,2,1,0,0,0,0
National,X,2021,5,16294,0,0,4,3,0,0,0,0
National,X,2021,6,17146,0,0,2,1,1,0,0,0
National,X,2021,7,13415,0,0,3,1,0,1,0,0
National,X,2021,8,16609,1,1,1,5,0,0,0,0
National,X,2021,9,14811,0,0,2,0,0,0,0,0
National,X,2021,10,16938,1,0,1,1,1,0,0,0
National,X,2021,11,14622,0,1,4,2,0,0,0,0
National,X,2021,12,14940,0,0,1,0,0,0,0,0
National,X,2021,13,13875,0,0,5,1,0,0,0,0
National,X,2021,14,14151,1,0,0,0,0,0,0,0
National,X,2021,15,15543,1,1,3,2,0,0,0,0
National,X,2021,16,12397,0,0,0,1,0,0,0,0
National,X,2021,17,12801,0,0,1,0,0,0,0,0
National,X,2021,18,10803,0,0,0,0,1,0,0,0
National,X,2021,19,9396,0,0,0,0,0,0,0,0
National,X,2021,20,10065,0,0,1,0,5,0,0,0
National,X,2021,21,8870,0,0,0,0,0,0,0,0
National,X,2021,22,6798,1,0,2,1,0,0,0,0
National,X,2021,23,5627,0,0,2,0,0,0,0,0
National,X,2021,24,5571,0,1,0,0,0,0,0,0
National,X,2021,25,6290,1,0,0,0,1,0,0,0
National,X,2021,26,7281,0,0,1,0,0,0,0,0
National,X,2021,27,6687,1,1,2,1,0,0,0,0
National,X,2021,28,8934,0,3,3,1,1,0,0,0
National,X,2021,29,8550,0,2,0,0,0,0,0,0
National,X,2021,30,9265,1,1,1,0,0,0,0,0
National,X,2021,31,13519,0,2,3,0,0,0,0,0
National,X,2021,32,16102,0,1,2,0,0,0,1,0
National,X,2021,33,21728,0,3,2,1,0,0,0,0
National,X,2021,34,24120,1,0,5,3,0,0,0,0
National,X,2021,35,24979,1,0,2,1,1,0,0,0
National,X,2021,36,20964,0,0,6,1,0,0,0,0
National,X,2021,37,21209,1,6,3,0,4,0,0,0
National,X,2021,38,19881,3,22,6,0,0,0,0,0
National,X,2021,39,18072,0,38,2,1,1,1,0,0
National,X,2021,40,19717,1,86,5,4,3,0,0,0
National,X,2021,41,19250,0,93,2,8,2,0,1,0
National,X,2021,42,24794,0,52,3,4,3,0,0,0
National,X,2021,43,24959,0,50,7,3,8,0,0,0
National,X,2021,44,24215,0,183,11,1,4,0,0,0
National,X,2021,45,23094,0,213,48,3,1,0,0,0
National,X,2021,46,23971,2,452,77,5,4,1,0,0
National,X,2021,47,16622,1,526,60,4,2,0,0,0
National,X,2021,48,25542,1,836,136,4,3,0,0,0
National,X,2021,49,29962,0,952,241,1,2,0,0,0
National,X,2021,50,32805,0,1097,316,4,0,0,0,0
National,X,2021,51,33188,0,1022,287,3,0,0,0,0
National,X,2021,52,43706,0,1016,506,6,0,0,0,0
National,X,2022,1,66341,0,814,344,8,0,0,0,0
National,X,2022,2,66684,0,635,393,2,0,0,0,0
National,X,2022,3,49917,0,529,202,1,0,0,0,0
National,X,2022,4,40883,0,403,189,5,2,0,0,0
National,X,2022,5,27696,0,387,121,3,1,0,0,0
National,X,2022,6,26692,0,488,147,2,0,0,0,0
National,X,2022,7,22867,1,408,162,1,1,0,0,0
National,X,2022,8,18155,0,371,128,2,0,0,0,0
National,X,2022,9,17681,1,476,135,2,1,0,0,0
National,X,2022,10,15973,0,489,109,0,1,0,0,0
National,X,2022,11,13891,3,474,131,0,0,0,0,0
National,X,2022,12,14380,0,603,98,1,0,0,0,0
National,X,2022,13,13833,0,666,114,1,1,0,0,0
National,X,2022,14,13517,0,615,96,1,1,0,0,0
National,X,2022,15,13937,0,689,119,4,0,0,0,0
National,X,2022,16,14154,3,703,125,3,0,0,0,0
National,X,2022,17,14784,3,696,99,1,0,0,0,0
National,X,2022,18,15465,3,741,92,1,0,0,0,0
National,X,2022,19,15407,1,647,170,3,0,0,0,0
National,X,2022,20,15694,4,623,149,1,0,0,0,0
National,X,2022,21,15103,1,512,114,1,0,0,0,0
National,X,2022,22,14157,1,472,101,1,0,0,0,0
National,X,2022,23,15100,0,349,75,2,0,0,0,0
National,X,2022,24,15901,0,307,46,3,0,0,0,0
National,X,2022,25,17089,0,168,29,1,0,0,0,0
National,X,2022,26,19211,1,76,25,1,0,0,0,0
National,X,2022,27,18863,0,85,12,1,0,0,0,0
National,X,2022,28,20102,0,115,11,1,0,0,0,0
National,X,2022,29,21097,1,42,9,4,0,0,0,0
National,X,2022,30,21459,0,31,15,3,0,0,0,0
National,X,2022,31,18775,2,40,16,2,0,0,3,0
National,X,2022,32,15390,1,84,7,2,0,0,0,0
National,X,2022,33,20736,6,67,7,1,1,0,0,0
National,X,2022,34,18609,11,77,7,0,2,0,0,0
National,X,2022,35,16469,8,71,8,3,1,0,0,0
National,X,2022,36,11581,8,72,11,0,0,0,1,0
National,X,2022,37,11629,5,68,8,5,0,0,0,0
National,X,2022,38,11300,17,110,10,7,3,0,0,0
National,X,2022,39,9961,25,112,18,3,1,0,0,0
National,X,2022,40,9129,39,239,19,3,5,0,0,0
National,X,2022,41,8523,66,364,23,3,5,0,0,0
National,X,2022,42,9405,114,449,33,4,6,0,1,0
National,X,2022,43,9449,230,706,51,2,3,0,0,0
National,X,2022,44,10311,316,917,175,4,5,0,0,0
National,X,2022,45,9508,323,1195,192,1,2,0,0,0
National,X,2022,46,11458,443,1557,339,4,2,0,0,0
National,X,2022,47,9795,461,1844,365,1,2,0,0,0
National,X,2022,48,12408,646,2086,661,1,3,0,0,0
National,X,2022,49,11813,548,2013,585,2,4,0,0,0
National,X,2022,50,11451,535,1729,549,1,4,0,0,0
National,X,2022,51,9465,456,1199,480,3,6,0,0,0
National,X,2022,52,8105,443,850,263,0,7,0,0,0
National,X,2023,1,8704,398,822,227,2,12,0,0,0
National,X,2023,2,8314,223,527,96,1,13,0,0,0
National,X,2023,3,7494,210,324,66,4,12,0,0,0
National,X,2023,4,6773,123,165,40,0,10,0,0,0
National,X,2023,5,6156,121,118,24,2,18,0,0,0
National,X,2023,6,7288,131,115,26,6,21,0,0,0
National,X,2023,7,7334,85,69,18,3,26,0,0,0
National,X,2023,8,6673,61,60,17,4,14,0,0,0
National,X,2023,9,7123,75,53,13,8,28,0,0,0
National,X,2023,10,6906,75,44,15,10,21,0,0,0
National,X,2023,11,6185,59,28,8,9,25,0,0,0
National,X,2023,12,6178,60,38,11,15,34,0,0,0
National,X,2023,13,5096,57,17,16,10,41,0,0,0
National,X,2023,14,5036,65,19,11,14,37,0,0,0
National,X,2023,15,4982,47,6,9,11,38,0,0,0
National,X,2023,16,4133,33,12,2,17,46,0,0,0
National,X,2023,17,4106,43,18,2,12,50,0,0,0
National,X,2023,18,3965,41,9,2,11,54,0,0,0
National,X,2023,19,3630,50,4,2,9,68,0,0,0
National,X,2023,20,3252,46,10,3,10,61,0,0,0
National,X,2023,21,2971,43,3,5,15,44,0,0,0
National,X,2023,22,2480,57,1,5,11,39,0,0,0
National,X,2023,23,2696,67,5,3,13,58,0,0,0
National,X,2023,24,2280,62,3,7,8,42,0,0,0
National,X,2023,25,2351,68,5,4,6,36,0,0,0
National,X,2023,26,2417,64,17,5,3,54,0,0,0
National,X,2023,27,1828,61,1,4,4,33,0,0,0
National,X,2023,28,2174,59,4,6,1,27,0,0,0
National,X,2023,29,2112,67,7,1,2,16,0,1,0
National,X,2023,30,1672,48,5,1,1,29,0,0,0
National,X,2023,31,1476,74,6,6,1,25,0,0,0
National,X,2023,32,1963,45,5,8,3,32,0,0,0
National,X,2023,33,1878,54,13,6,1,21,0,0,0
National,X,2023,34,1946,59,11,4,9,24,0,0,0
National,X,2023,35,2046,58,10,9,3,12,0,0,0
National,X,2023,36,2401,65,8,19,6,22,0,0,0
National,X,2023,37,3316,59,15,8,1,22,0,0,0
National,X,2023,38,3221,91,10,6,1,35,0,0,0
National,X,2023,39,3115,122,10,7,6,24,0,0,0
National,X,2023,40,3064,176,16,10,3,48,0,0,0
National,X,2023,41,3067,213,22,12,5,68,0,0,0
National,X,2023,42,3416,276,26,34,12,73,0,0,0
National,X,2023,43,2934,240,36,48,14,68,0,0,0
National,X,2023,44,3172,292,41,63,13,90,0,0,0
National,X,2023,45,3303,483,62,111,29,135,0,0,0
National,X,2023,46,3897,489,103,149,43,143,0,0,0
National,X,2023,47,3032,583,124,141,27,141,0,0,0
National,X,2023,48,4221,711,176,174,24,219,0,0,0
National,X,2023,49,4519,972,272,245,52,262,0,0,0
National,X,2023,50,5001,1017,288,400,82,303,0,0,0
National,X,2023,51,5079,1242,330,277,39,286,0,0,0
National,X,2023,52,4499,1229,303,249,21,245,0,0,0
National,X,2024,1,4878,1134,338,231,59,317,0,0,0
National,X,2024,2,5104,945,346,242,60,258,0,0,0
National,X,2024,3,3798,794,302,163,46,209,0,0,0
National,X,2024,4,4305,765,393,190,57,290,0,0,0
National,X,2024,5,4136,692,394,138,58,387,0,0,0
National,X,2024,6,4024,607,434,172,61,433,0,0,0
National,X,2024,7,4208,518,438,150,57,441,0,0,0
National,X,2024,8,4023,488,442,172,63,483,0,0,0
National,X,2024,9,4066,475,397,139,49,447,0,0,0
National,X,2024,10,3764,371,419,122,39,472,0,0,0
National,X,2024,11,3192,287,351,95,33,397,0,0,0
National,X,2024,12,2888,249,322,82,34,316,0,0,0
National,X,2024,13,2808,220,284,65,30,266,0,0,0
National,X,2024,14,2082,180,295,43,31,253,0,0,0
National,X,2024,15,1895,181,271,37,15,252,0,0,0
National,X,2024,16,1663,132,219,36,19,177,0,0,0
National,X,2024,17,1484,100,150,27,18,134,0,0,0
National,X,2024,18,1271,104,139,19,15,97,0,0,0
National,X,2024,19,1272,64,104,16,15,84,0,0,0
National,X,2024,20,1034,54,88,15,2,47,0,0,0
National,X,2024,21,1096,53,118,13,2,36,0,0,1
National,X,2024,22,1137,59,104,11,6,57,0,0,0
National,X,2024,23,1125,63,128,7,3,48,0,0,0
National,X,2024,24,1287,84,128,11,2,46,0,0,0
National,X,2024,25,1175,76,125,16,5,29,0,0,0
National,X,2024,26,1622,90,162,14,1,30,0,0,0
National,X,2024,27,1280,72,149,22,1,12,0,0,0
National,X,2024,28,1639,88,137,17,1,10,0,1,8
National,X,2024,29,1454,61,97,13,1,9,0,0,2
National,X,2024,30,1446,53,111,6,0,12,0,0,1
National,X,2024,31,1400,75,93,8,1,3,0,0,0
National,X,2024,32,1486,89,103,9,0,5,0,0,0
National,X,2024,33,1510,80,81,3,0,2,0,0,0
National,X,2024,34,1460,64,73,7,0,5,0,0,1
National,X,2024,35,1328,70,110,4,0,4,0,0,0
National,X,2024,36,1378,72,72,6,0,4,0,2,0
National,X,2024,37,1489,85,75,6,1,5,0,0,0
National,X,2024,38,1513,109,94,16,0,3,0,0,0
National,X,2024,39,1345,104,96,14,1,7,0,0,0
National,X,2024,40,1495,104,95,27,0,5,0,0,4
National,X,2024,41,1455,77,92,32,0,5,0,0,16
National,X,2024,42,1404,106,95,20,0,18,0,0,13
National,X,2024,43,1984,166,140,21,4,12,0,0,10
National,X,2024,44,1745,174,204,32,6,19,0,0,4
National,X,2024,45,1835,208,259,40,8,18,0,0,4
National,X,2024,46,1896,217,350,52,14,21,0,0,5
National,X,2024,47,2354,335,423,57,24,38,0,0,4
National,X,2024,48,2009,377,508,38,17,19,0,0,7
National,X,2024,49,3013,599,887,80,26,38,0,0,3
National,X,2024,50,4063,1013,1339,156,34,55,0,0,5
National,X,2024,51,5517,1459,2154,280,29,38,0,0,1
National,X,2024,52,6246,1872,2524,494,43,33,0,0,0
National,X,2025,1,7593,2249,2830,777,56,42,0,0,0
National,X,2025,2,7030,1915,2497,622,43,45,0,0,1
National,X,2025,3,8329,2455,2681,972,59,67,0,0,0
National,X,2025,4,9567,3257,3151,1183,84,48,0,0,0
National,X,2025,5,13017,4425,3877,1999,123,112,0,0,0
National,X,2025,6,12111,4250,3320,1810,160,80,0,0,1
National,X,2025,7,10274,3855,2949,925,157,87,0,0,1
National,X,2025,8,7720,3105,1963,480,120,125,0,0,0
National,X,2025,9,7328,2690,1871,529,128,105,0,0,0
National,X,2025,10,6056,2212,1373,512,133,156,0,0,0
National,X,2025,11,5402,1912,1174,541,177,168,0,0,0
National,X,2025,12,4711,1588,1090,327,153,163,0,0,0
National,X,2025,13,3132,926,527,142,137,155,0,0,0
National,X,2025,14,2854,837,492,81,167,194,0,0,0
National,X,2025,15,2221,506,236,56,163,231,0,0,0
National,X,2025,16,1791,366,158,45,162,195,0,0,0
National,X,2025,17,2098,490,313,45,142,206,0,0,0
National,X,2025,18,1668,274,198,27,120,210,0,0,0
National,X,2025,19,1513,329,159,11,87,205,0,0,0
National,X,2025,20,1032,160,38,11,53,109,0,0,0
National,X,2025,21,853,92,36,14,27,68,0,0,0
National,X,2025,22,846,115,25,14,33,67,0,0,0
National,X,2025,23,897,122,15,13,33,53,0,0,0
National,X,2025,24,750,91,13,9,15,37,0,0,0
National,X,2025,25,690,62,11,5,11,31,0,0,0
National,X,2025,26,670,96,5,2,14,21,0,0,0
National,X,2025,27,619,58,12,1,5,12,0,0,0
National,X,2025,28,804,54,12,2,1,11,0,0,0
National,X,2025,29,655,61,3,1,3,11,0,0,0
National,X,2025,30,582,52,26,4,1,14,0,0,0
National,X,2025,31,663,54,14,1,2,7,0,0,0
National,X,2025,32,664,39,15,1,2,2,0,0,0
National,X,2025,33,856,41,10,3,1,4,0,0,0
National,X,2025,34,839,71,13,3,1,3,0,0,0
National,X,2025,35,866,57,22,5,1,2,0,0,0
National,X,2025,36,990,48,28,2,2,1,0,0,0
National,X,2025,37,940,52,29,4,1,2,0,0,0
National,X,2025,38,847,45,29,7,2,1,0,0,0
National,X,2025,39,910,43,28,8,6,3,0,0,0
National,X,2025,40,986,62,43,5,5,5,0,0,0
National,X,2025,41,956,52,65,7,5,1,0,0,0
National,X,2025,42,1059,68,108,9,7,2,0,0,0
National,X,2025,43,1186,114,139,9,5,7,0,0,0
National,X,2025,44,1270,77,187,15,10,3,0,0,0
National,X,2025,45,1559,143,431,20,15,6,0,0,0
National,X,2025,46,1768,175,673,32,25,11,0,0,2
National,X,2025,47,2406,209,1054,72,61,13,0,0,0
National,X,2025,48,2513,210,1317,157,33,18,0,0,0
National,X,2025,49,3499,206,1739,250,51,25,0,0,0
National,X,2025,50,4806,250,2522,764,43,25,0,0,0
National,X,2025,51,7051,302,3735,1617,79,33,0,0,0
National,X,2025,52,7814,333,4303,1879,91,55,0,0,0
National,X,2025,53,7744,381,4121,1777,104,53,0,0,0
National,X,2026,1,6744,326,3335,1200,119,52,0,0,0
National,X,2026,2,5045,301,2457,632,113,86,0,0,0
National,X,2026,3,4617,335,2465,317,146,92,0,0,0
National,X,2026,4,4020,278,2015,249,200,161,0,0,0
National,X,2026,5,4546,355,2105,223,288,191,0,0,0
National,X,2026,6,4181,309,1655,214,352,254,0,0,0
National,X,2026,7,3654,281,1229,169,516,321,0,0,0
National,X,2026,8,3186,238,988,106,416,336,0,0,0
National,X,2026,9,3156,222,825,76,528,403,0,0,0
National,X,2026,10,2658,169,510,48,467,389,0,0,0
National,X,2026,11,2368,131,343,34,471,364,0,0,0
National,X,2026,12,2137,150,266,28,425,375,0,0,0
National,X,2026,13,1860,113,237,11,379,306,0,0,0
National,X,2026,14,1506,112,142,13,299,212,0,0,0
National,X,2026,15,1397,93,164,16,236,154,0,0,0
National,X,2026,16,1139,52,102,3,205,104,0,0,0
National,X,2026,17,1036,52,128,5,130,90,0,0,0
National,X,2026,18,1028,43,107,1,127,110,0,0,0
National,X,2026,19,872,33,21,4,127,82,0,0,0
National,X,2026,20,884,42,48,2,87,58,0,0,0
National,X,2026,21,668,18,17,1,80,34,0,0,0
National,X,2026,22,644,25,34,4,57,31,0,0,0
National,X,2026,23,602,33,23,8,52,18,0,0,0
National,X,2026,24,574,11,109,1,33,16,0,0,0
National,X,2026,25,541,26,21,4,28,12,0,0,0
National,X,2026,26,495,45,17,4,21,11,0,0,0
National,X,2026,27,626,33,7,4,13,15,0,0,0
National,X,2026,28,531,32,8,2,7,15,0,0,0
National,X,2026,29,531,28,9,0,15,12,0,0,0
National,X,2026,30,569,38,18,1,9,6,0,0,0
National,X,2026,31,515,38,23,3,7,2,0,0,0
National,X,2026,32,564,47,15,5,5,4,0,0,0
National,X,2026,33,614,74,24,3,7,3,0,0,0
National,X,2026,34,750,129,22,6,5,2,0,0,0
National,X,2026,35,848,191,27,6,4,2,0,0,0
National,X,2026,36,825,269,16,12,6,0,0,0,0
National,X,2026,37,965,241,11,34,8,1,0,0,0
National,X,2026,38,547,53,2,24,0,0,0,0,0
