"*Beginning for the 2015-16 season, reports from public health and clinical laboratories are presented separately in the weekly influenza update, FluView. Data from clinical laboratories include the weekly total number of specimens tested, the number of positive influenza test, and the percent positive by influenza type."
REGION TYPE,REGION,YEAR,WEEK,TOTAL SPECIMENS,TOTAL A,TOTAL B,PERCENT POSITIVE,PERCENT A,PERCENT B
National,X,2019,40,19851,136,124,1.30976,0.685104,0.624654
National,X,2019,41,22113,146,181,1.47877,0.660245,0.818523
National,X,2019,42,23131,172,187,1.55203,0.743591,0.808439
National,X,2019,43,24630,201,354,2.25335,0.816078,1.43727
National,X,2019,44,25417,221,556,3.05701,0.869497,2.18751
National,X,2019,45,28842,414,1075,5.16261,1.43541,3.7272
National,X,2019,46,31439,535,1589,6.75594,1.70171,5.05423
National,X,2019,47,36497,903,2581,9.54599,2.47418,7.07181
National,X,2019,48,35398,1079,2793,10.9385,3.04819,7.89028
National,X,2019,49,41929,1426,3461,11.6554,3.40099,8.25443
National,X,2019,50,44911,2158,5097,16.1542,4.80506,11.3491
National,X,2019,51,54480,3697,8579,22.533,6.78598,15.7471
National,X,2019,52,64024,5980,11264,26.9336,9.34025,17.5934
National,X,2020,1,65177,5645,9664,23.4883,8.66103,14.8273
National,X,2020,2,60717,6109,7928,23.1187,10.0614,13.0573
National,X,2020,3,60316,7712,8020,26.0826,12.786,13.2966
National,X,2020,4,64502,9478,8764,28.2813,14.6941,13.5872
National,X,2020,5,72224,12102,9671,30.1465,16.7562,13.3903
National,X,2020,6,71868,12960,8787,30.2596,18.0331,12.2266
National,X,2020,7,69257,13372,7180,29.675,19.3078,10.3672
National,X,2020,8,65212,12714,5755,28.3215,19.4964,8.82506
National,X,2020,9,62427,11713,4363,25.7517,18.7627,6.98896
National,X,2020,10,64149,11050,3378,22.4914,17.2255,5.26587
National,X,2020,11,74416,9077,2690,15.8125,12.1976,3.61481
National,X,2020,12,73090,4131,1352,7.50171,5.65194,1.84977
National,X,2020,13,44754,759,280,2.32158,1.69594,0.625642
National,X,2020,14,30838,196,122,1.0312,0.635579,0.395616
National,X,2020,15,19572,75,46,0.61823,0.3832,0.23503
National,X,2020,16,14443,58,32,0.623139,0.401579,0.221561
National,X,2020,17,12822,20,8,0.218375,0.155982,0.0623928
National,X,2020,18,10268,19,8,0.262953,0.185041,0.077912
National,X,2020,19,8891,14,15,0.326173,0.157463,0.16871
National,X,2020,20,7844,14,10,0.305966,0.17848,0.127486
National,X,2020,21,7523,8,8,0.212681,0.106341,0.106341
National,X,2020,22,6054,7,3,0.16518,0.115626,0.049554
National,X,2020,23,6181,9,12,0.339751,0.145608,0.194143
National,X,2020,24,5718,8,8,0.279818,0.139909,0.139909
National,X,2020,25,5247,12,8,0.38117,0.228702,0.152468
National,X,2020,26,5667,9,7,0.282336,0.158814,0.123522
National,X,2020,27,6258,8,5,0.207734,0.127836,0.0798977
National,X,2020,28,6322,6,5,0.173996,0.0949067,0.0790889
National,X,2020,29,6176,11,12,0.372409,0.178109,0.194301
National,X,2020,30,6042,5,4,0.148957,0.0827541,0.0662032
National,X,2020,31,6105,3,5,0.13104,0.04914,0.0819001
National,X,2020,32,6330,7,4,0.173776,0.110585,0.0631912
National,X,2020,33,6120,4,4,0.130719,0.0653595,0.0653595
National,X,2020,34,6238,6,8,0.224431,0.0961847,0.128246
National,X,2020,35,6443,7,13,0.310414,0.108645,0.201769
National,X,2020,36,6543,7,6,0.198686,0.106985,0.0917011
National,X,2020,37,7059,7,6,0.184162,0.0991642,0.0849979
National,X,2020,38,8083,14,18,0.395893,0.173203,0.22269
National,X,2020,39,9019,11,9,0.221754,0.121965,0.0997893
National,X,2020,40,12200,19,21,0.327869,0.155738,0.172131
National,X,2020,41,14924,30,28,0.388636,0.201018,0.187617
National,X,2020,42,15112,27,26,0.350715,0.178666,0.172049
National,X,2020,43,16611,21,21,0.252845,0.126422,0.126422
National,X,2020,44,20552,22,19,0.199494,0.107046,0.0924484
National,X,2020,45,27187,31,25,0.205981,0.114025,0.0919557
National,X,2020,46,34907,32,44,0.217721,0.0916722,0.126049
National,X,2020,47,38746,34,54,0.22712,0.087751,0.139369
National,X,2020,48,35276,19,36,0.155913,0.053861,0.102052
National,X,2020,49,42526,31,65,0.225744,0.0728966,0.152848
National,X,2020,50,41778,26,76,0.244148,0.0622337,0.181914
National,X,2020,51,40917,36,81,0.285945,0.087983,0.197962
National,X,2020,52,36310,34,67,0.27816,0.0936381,0.184522
National,X,2020,53,40471,34,73,0.264387,0.0840108,0.180376
National,X,2021,1,44971,28,95,0.27351,0.0622623,0.211247
National,X,2021,2,41807,24,48,0.17222,0.0574067,0.114813
National,X,2021,3,39002,21,62,0.21281,0.0538434,0.158966
National,X,2021,4,36455,12,50,0.170073,0.0329173,0.137155
National,X,2021,5,36559,21,53,0.202413,0.0574414,0.144971
National,X,2021,6,34089,11,35,0.134941,0.0322685,0.102672
National,X,2021,7,32424,19,22,0.12645,0.0585986,0.067851
National,X,2021,8,34328,17,25,0.122349,0.0495223,0.0728268
National,X,2021,9,34184,14,17,0.0906857,0.0409548,0.0497309
National,X,2021,10,34191,15,21,0.105291,0.0438712,0.0614197
National,X,2021,11,34680,26,19,0.129758,0.0749712,0.0547866
National,X,2021,12,35763,13,17,0.0838856,0.0363504,0.0475352
National,X,2021,13,31900,13,9,0.0689655,0.0407524,0.0282132
National,X,2021,14,31520,10,14,0.0761421,0.0317259,0.0444162
National,X,2021,15,30238,8,13,0.069449,0.0264568,0.0429923
National,X,2021,16,30568,12,16,0.0915991,0.0392567,0.0523423
National,X,2021,17,31247,16,10,0.083208,0.0512049,0.0320031
National,X,2021,18,30176,10,15,0.0828473,0.0331389,0.0497084
National,X,2021,19,29035,17,13,0.103324,0.05855,0.0447735
National,X,2021,20,28416,23,20,0.151323,0.0809403,0.0703829
National,X,2021,21,24574,14,23,0.150566,0.0569708,0.0935949
National,X,2021,22,23886,7,15,0.0921042,0.0293059,0.0627983
National,X,2021,23,25258,8,18,0.102938,0.0316731,0.0712645
National,X,2021,24,24440,17,12,0.118658,0.0695581,0.0490998
National,X,2021,25,22366,12,17,0.129661,0.0536529,0.0760082
National,X,2021,26,22756,3,13,0.0703111,0.0131833,0.0571278
National,X,2021,27,25064,5,9,0.055857,0.0199489,0.0359081
National,X,2021,28,26255,11,17,0.106646,0.0418968,0.0647496
National,X,2021,29,27718,5,13,0.0649398,0.0180388,0.0469009
National,X,2021,30,30276,11,12,0.0759678,0.0363324,0.0396354
National,X,2021,31,28889,14,18,0.110769,0.0484614,0.0623075
National,X,2021,32,35191,8,11,0.0539911,0.0227331,0.031258
National,X,2021,33,33470,14,10,0.071706,0.0418285,0.0298775
National,X,2021,34,40107,13,11,0.0598399,0.0324133,0.0274266
National,X,2021,35,41117,22,13,0.0851229,0.0535058,0.0316171
National,X,2021,36,36912,11,9,0.0541829,0.0298006,0.0243823
National,X,2021,37,43510,11,14,0.0574581,0.0252815,0.0321765
National,X,2021,38,40634,12,17,0.0713688,0.0295319,0.0418369
National,X,2021,39,44256,29,23,0.117498,0.0655278,0.0519704
National,X,2021,40,49688,41,37,0.15698,0.0825149,0.0744647
National,X,2021,41,46313,24,32,0.120916,0.0518213,0.0690951
National,X,2021,42,48913,26,39,0.132889,0.0531556,0.0797334
National,X,2021,43,51914,99,33,0.254267,0.1907,0.0635667
National,X,2021,44,57035,124,37,0.282283,0.21741,0.0648724
National,X,2021,45,63268,309,36,0.545299,0.488399,0.0569008
National,X,2021,46,72905,687,45,1.00405,0.942322,0.0617242
National,X,2021,47,71888,1285,39,1.84175,1.7875,0.0542511
National,X,2021,48,85248,2395,71,2.89274,2.80945,0.0832864
National,X,2021,49,97782,3913,51,4.05392,4.00176,0.0521568
National,X,2021,50,108196,6681,61,6.23128,6.1749,0.0563792
National,X,2021,51,126904,7240,78,5.76656,5.7051,0.0614638
National,X,2021,52,147040,6088,109,4.2145,4.14037,0.0741295
National,X,2022,1,150872,3606,68,2.43518,2.39011,0.0450713
National,X,2022,2,129424,2600,72,2.06453,2.0089,0.0556311
National,X,2022,3,106771,2190,72,2.11855,2.05112,0.067434
National,X,2022,4,87124,1722,46,2.02929,1.97649,0.0527983
National,X,2022,5,68893,1570,41,2.33841,2.2789,0.0595126
National,X,2022,6,64800,1855,47,2.93519,2.86265,0.0725309
National,X,2022,7,62953,2525,65,4.11418,4.01093,0.103252
National,X,2022,8,61128,2813,33,4.6558,4.60182,0.0539851
National,X,2022,9,61079,3612,43,5.98405,5.91365,0.0704006
National,X,2022,10,62009,4206,54,6.86997,6.78289,0.0870841
National,X,2022,11,62581,4951,52,7.99444,7.91135,0.0830923
National,X,2022,12,66581,5483,36,8.28915,8.23508,0.0540695
National,X,2022,13,66402,5564,115,8.55245,8.37927,0.173188
National,X,2022,14,70497,6660,34,9.49544,9.44721,0.048229
National,X,2022,15,69489,6844,26,9.88646,9.84904,0.037416
National,X,2022,16,71915,6303,52,8.83682,8.76451,0.0723076
National,X,2022,17,76971,6235,43,8.15632,8.10045,0.0558652
National,X,2022,18,79892,6702,51,8.45266,8.38882,0.0638362
National,X,2022,19,84554,6086,63,7.27228,7.19777,0.0745086
National,X,2022,20,84708,5059,27,6.00416,5.97228,0.0318742
National,X,2022,21,82842,4756,39,5.78813,5.74105,0.0470776
National,X,2022,22,78158,3785,46,4.90161,4.84275,0.0588551
National,X,2022,23,75043,2451,34,3.31143,3.26613,0.0453074
National,X,2022,24,69476,1600,42,2.36341,2.30295,0.0604525
National,X,2022,25,66510,1084,40,1.68997,1.62983,0.0601413
National,X,2022,26,64429,780,37,1.26806,1.21063,0.0574276
National,X,2022,27,63996,593,30,0.973498,0.92662,0.0468779
National,X,2022,28,61558,438,50,0.792748,0.711524,0.0812242
National,X,2022,29,62251,348,38,0.62007,0.559027,0.0610432
National,X,2022,30,57937,268,31,0.516078,0.462571,0.0535064
National,X,2022,31,54829,240,29,0.490616,0.437725,0.0528917
National,X,2022,32,52169,224,27,0.481129,0.429374,0.0517549
National,X,2022,33,53636,223,34,0.479156,0.415766,0.0633903
National,X,2022,34,57496,300,41,0.593085,0.521775,0.0713093
National,X,2022,35,59999,335,35,0.616677,0.558343,0.0583343
National,X,2022,36,59748,428,22,0.753163,0.716342,0.0368213
National,X,2022,37,62269,503,37,0.867205,0.807786,0.0594196
National,X,2022,38,67455,775,65,1.24527,1.14891,0.0963605
National,X,2022,39,66897,1268,83,2.01952,1.89545,0.124071
National,X,2022,40,78249,1984,105,2.66968,2.5355,0.134187
National,X,2022,41,88055,2961,88,3.46261,3.36267,0.0999375
National,X,2022,42,95427,5080,108,5.43662,5.32344,0.113176
National,X,2022,43,112851,9341,113,8.37742,8.27729,0.100132
National,X,2022,44,133627,16953,145,12.7953,12.6868,0.108511
National,X,2022,45,144126,21338,188,14.9355,14.8051,0.130441
National,X,2022,46,157775,28750,189,18.3419,18.2222,0.119791
National,X,2022,47,157960,40596,179,25.8135,25.7002,0.11332
National,X,2022,48,191785,48835,172,25.5531,25.4634,0.0896838
National,X,2022,49,182500,47727,208,26.2658,26.1518,0.113973
National,X,2022,50,172825,42073,216,24.4693,24.3443,0.124982
National,X,2022,51,151384,31309,143,20.7763,20.6818,0.0944618
National,X,2022,52,138757,20501,173,14.8994,14.7748,0.124678
National,X,2023,1,121002,10268,153,8.61225,8.48581,0.126444
National,X,2023,2,109210,4852,156,4.58566,4.44282,0.142844
National,X,2023,3,106790,2982,158,2.94035,2.7924,0.147954
National,X,2023,4,99616,1943,169,2.12014,1.95049,0.169651
National,X,2023,5,97168,1426,200,1.67339,1.46756,0.205829
National,X,2023,6,100754,1111,269,1.36967,1.10269,0.266987
National,X,2023,7,95973,780,261,1.08468,0.812729,0.271951
National,X,2023,8,92696,725,219,1.01838,0.782127,0.236256
National,X,2023,9,90640,609,227,0.92233,0.671889,0.250441
National,X,2023,10,86376,602,298,1.04196,0.696953,0.345003
National,X,2023,11,84308,490,264,0.89434,0.581202,0.313138
National,X,2023,12,82274,477,304,0.949267,0.57977,0.369497
National,X,2023,13,76692,380,356,0.959683,0.495488,0.464194
National,X,2023,14,72529,401,365,1.05613,0.552882,0.503247
National,X,2023,15,61439,281,342,1.01401,0.457364,0.55665
National,X,2023,16,56701,209,266,0.837728,0.3686,0.469128
National,X,2023,17,53442,221,289,0.954306,0.413532,0.540773
National,X,2023,18,52888,199,300,0.943503,0.376267,0.567236
National,X,2023,19,54713,198,359,1.01804,0.361888,0.656151
National,X,2023,20,47958,192,372,1.17603,0.40035,0.775679
National,X,2023,21,44133,225,302,1.19412,0.509823,0.684295
National,X,2023,22,42516,250,305,1.30539,0.588014,0.717377
National,X,2023,23,39470,224,208,1.0945,0.56752,0.526983
National,X,2023,24,35938,212,186,1.10746,0.589905,0.517558
National,X,2023,25,32938,190,122,0.947234,0.576841,0.370393
National,X,2023,26,30331,221,114,1.10448,0.728627,0.375853
National,X,2023,27,30289,268,98,1.20836,0.88481,0.32355
National,X,2023,28,30661,187,119,0.998011,0.609895,0.388115
National,X,2023,29,30857,200,108,0.998153,0.648151,0.350002
National,X,2023,30,31387,183,129,0.994042,0.583044,0.410998
National,X,2023,31,32425,203,142,1.06399,0.62606,0.437934
National,X,2023,32,36133,184,125,0.855174,0.50923,0.345944
National,X,2023,33,40456,212,151,0.897271,0.524026,0.373245
National,X,2023,34,47416,233,132,0.769782,0.491395,0.278387
National,X,2023,35,53059,266,115,0.718069,0.501329,0.21674
National,X,2023,36,55332,262,126,0.701222,0.473505,0.227716
National,X,2023,37,58288,314,148,0.792616,0.538704,0.253912
National,X,2023,38,61602,347,217,0.915555,0.563293,0.352261
National,X,2023,39,61810,360,217,0.933506,0.58243,0.351076
National,X,2023,40,64939,430,285,1.10103,0.66216,0.438873
National,X,2023,41,65514,594,290,1.34933,0.906676,0.442653
National,X,2023,42,66801,693,318,1.51345,1.03741,0.476041
National,X,2023,43,69229,862,393,1.81282,1.24514,0.567681
National,X,2023,44,77193,1456,566,2.61941,1.88618,0.733227
National,X,2023,45,92301,2582,1072,3.95879,2.79737,1.16142
National,X,2023,46,100657,3647,1250,4.86504,3.6232,1.24184
National,X,2023,47,95965,4334,1347,5.91987,4.51623,1.40364
National,X,2023,48,118752,6571,1705,6.96915,5.53338,1.43577
National,X,2023,49,126299,10169,2207,9.79897,8.05153,1.74744
National,X,2023,50,138909,15256,3340,13.3872,10.9827,2.40445
National,X,2023,51,155722,22285,4688,17.3213,14.3108,3.01049
National,X,2023,52,153922,22917,5035,18.1605,14.8887,3.27114
National,X,2024,1,137969,15374,3666,13.8031,11.1431,2.65712
National,X,2024,2,130403,14376,3706,13.867,11.0243,2.84196
National,X,2024,3,116068,13213,4084,14.9059,11.3838,3.51863
National,X,2024,4,120481,14151,5283,16.1303,11.7454,4.38492
National,X,2024,5,123949,13525,6687,16.3067,10.9117,5.39496
National,X,2024,6,124097,12145,7526,15.8521,9.7867,6.06461
National,X,2024,7,120149,11042,7662,15.5673,9.19026,6.37708
National,X,2024,8,118107,10143,8185,15.5181,8.58798,6.93016
National,X,2024,9,109663,8944,7447,14.9467,8.1559,6.7908
National,X,2024,10,103198,7780,6901,14.2261,7.53891,6.68715
National,X,2024,11,97623,5798,5840,11.9214,5.93917,5.9822
National,X,2024,12,90497,4766,4612,10.3628,5.26647,5.0963
National,X,2024,13,86150,4001,3884,9.15264,4.64423,4.50842
National,X,2024,14,81799,3243,2923,7.53799,3.9646,3.57339
National,X,2024,15,77973,2389,2128,5.79303,3.06388,2.72915
National,X,2024,16,71822,1866,1551,4.7576,2.59809,2.15951
National,X,2024,17,70211,1496,1172,3.79997,2.13072,1.66925
National,X,2024,18,60132,1106,816,3.1963,1.83929,1.35701
National,X,2024,19,54075,807,451,2.3264,1.49237,0.834027
National,X,2024,20,52042,595,354,1.82353,1.14331,0.68022
National,X,2024,21,50362,538,288,1.64013,1.06827,0.57186
National,X,2024,22,45394,562,182,1.63898,1.23805,0.400934
National,X,2024,23,43789,503,145,1.47982,1.14869,0.331133
National,X,2024,24,41945,425,113,1.28263,1.01323,0.2694
National,X,2024,25,39787,341,76,1.04808,0.857064,0.191017
National,X,2024,26,37950,294,44,0.890646,0.774704,0.115942
National,X,2024,27,38217,344,33,0.986472,0.900123,0.086349
National,X,2024,28,41312,304,39,0.830267,0.735864,0.0944036
National,X,2024,29,41425,256,31,0.692818,0.617984,0.074834
National,X,2024,30,44143,239,27,0.602587,0.541422,0.0611649
National,X,2024,31,45125,215,37,0.558449,0.476454,0.0819945
National,X,2024,32,46583,199,27,0.485156,0.427194,0.0579611
National,X,2024,33,50508,201,27,0.451414,0.397957,0.0534569
National,X,2024,34,53810,205,30,0.436722,0.38097,0.0557517
National,X,2024,35,59674,211,37,0.415591,0.353588,0.0620036
National,X,2024,36,59672,234,29,0.440743,0.392144,0.048599
National,X,2024,37,62349,271,26,0.476351,0.43465,0.0417007
National,X,2024,38,63235,295,41,0.531351,0.466514,0.0648375
National,X,2024,39,57421,244,60,0.529423,0.424932,0.104491
National,X,2024,40,66165,390,56,0.674072,0.589436,0.0846369
National,X,2024,41,69715,414,54,0.671305,0.593846,0.0774582
National,X,2024,42,72764,465,63,0.725634,0.639052,0.0865813
National,X,2024,43,75599,643,86,0.964298,0.85054,0.113758
National,X,2024,44,75256,843,74,1.21851,1.12018,0.098331
National,X,2024,45,76715,1088,84,1.52773,1.41824,0.109496
National,X,2024,46,81959,1604,126,2.11081,1.95708,0.153735
National,X,2024,47,86733,2291,167,2.83398,2.64144,0.192545
National,X,2024,48,83808,3122,187,3.94831,3.72518,0.223129
National,X,2024,49,98298,4803,261,5.15168,4.88616,0.265519
National,X,2024,50,106217,8760,368,8.59373,8.24727,0.346461
National,X,2024,51,123538,17004,513,14.1794,13.7642,0.415257
National,X,2024,52,131071,23288,612,18.2344,17.7675,0.466923
National,X,2025,1,138730,24614,660,18.2181,17.7424,0.475744
National,X,2025,2,133713,23900,700,18.3976,17.8741,0.523509
National,X,2025,3,141593,32808,926,23.8246,23.1706,0.653987
National,X,2025,4,148220,41315,1293,28.7465,27.8741,0.872352
National,X,2025,5,173919,52929,2113,31.6481,30.4331,1.21493
National,X,2025,6,178400,53136,2900,31.4103,29.7848,1.62556
National,X,2025,7,160655,41545,3177,27.8373,25.8598,1.97753
National,X,2025,8,141640,30297,3612,23.9403,21.3901,2.55013
National,X,2025,9,133283,22365,3598,19.4796,16.7801,2.69952
National,X,2025,10,117138,14896,3677,15.8557,12.7166,3.13903
National,X,2025,11,107927,10590,3779,13.3136,9.81219,3.50144
National,X,2025,12,97458,6506,3950,10.7287,6.6757,4.05303
National,X,2025,13,90719,4481,3891,9.2285,4.93943,4.28907
National,X,2025,14,82839,2864,3415,7.57976,3.45731,4.12245
National,X,2025,15,79981,1869,3063,6.16646,2.3368,3.82966
National,X,2025,16,74734,1348,2599,5.2814,1.80373,3.47767
National,X,2025,17,72236,1004,2189,4.42023,1.38989,3.03034
National,X,2025,18,64423,621,1531,3.34042,0.963941,2.37648
National,X,2025,19,55634,399,1060,2.6225,0.717187,1.90531
National,X,2025,20,53718,283,868,2.14267,0.526825,1.61585
National,X,2025,21,50966,265,714,1.92089,0.519954,1.40093
National,X,2025,22,47471,289,596,1.8643,0.608793,1.2555
National,X,2025,23,45903,264,470,1.59902,0.575126,1.0239
National,X,2025,24,42499,195,317,1.20473,0.458834,0.7459
National,X,2025,25,39431,188,221,1.03725,0.476782,0.560473
National,X,2025,26,35472,172,129,0.848557,0.484889,0.363667
National,X,2025,27,34715,161,116,0.797926,0.463776,0.33415
National,X,2025,28,34856,152,120,0.780353,0.43608,0.344274
National,X,2025,29,33403,114,67,0.541867,0.341287,0.200581
National,X,2025,30,34038,102,37,0.408367,0.299665,0.108702
National,X,2025,31,33929,112,38,0.4421,0.330101,0.111999
National,X,2025,32,36264,104,35,0.3833,0.286786,0.0965144
National,X,2025,33,39941,106,32,0.34551,0.265391,0.0801182
National,X,2025,34,43996,136,35,0.388672,0.309119,0.0795527
National,X,2025,35,49086,155,40,0.397262,0.315772,0.0814896
National,X,2025,36,50075,174,22,0.391413,0.347479,0.0439341
National,X,2025,37,55646,221,30,0.451066,0.397153,0.0539122
National,X,2025,38,56976,233,31,0.463353,0.408944,0.0544089
National,X,2025,39,54787,306,46,0.642488,0.558527,0.0839615
National,X,2025,40,55704,243,46,0.518814,0.436234,0.0825793
National,X,2025,41,57037,257,44,0.527728,0.450585,0.0771429
National,X,2025,42,55540,307,51,0.64458,0.552755,0.0918257
National,X,2025,43,56782,399,47,0.78546,0.702687,0.0827727
National,X,2025,44,56102,552,62,1.09444,0.983922,0.110513
National,X,2025,45,61990,1061,120,1.90515,1.71157,0.19358
National,X,2025,46,63050,1878,180,3.26408,2.97859,0.285488
National,X,2025,47,66223,3340,286,5.47544,5.04356,0.431874
National,X,2025,48,63137,4772,293,8.02224,7.55817,0.46407
National,X,2025,49,73142,6237,335,8.98526,8.52725,0.458013
National,X,2025,50,82899,12213,600,15.4562,14.7324,0.723772
National,X,2025,51,106007,25740,1380,25.5832,24.2814,1.3018
National,X,2025,52,120165,36026,2071,31.7039,29.9804,1.72346
National,X,2025,53,117308,27293,1674,24.6931,23.2661,1.42701
National,X,2026,1,108413,18759,1409,18.6029,17.3033,1.29966
National,X,2026,2,95894,14829,1504,17.0323,15.4639,1.5684
National,X,2026,3,91958,13686,2422,17.5167,14.8829,2.63381
National,X,2026,4,88146,12112,3237,17.4132,13.7408,3.67232
National,X,2026,5,94526,11944,5111,18.0427,12.6357,5.40698
National,X,2026,6,96274,9993,7649,18.3248,10.3797,7.94503
National,X,2026,7,97624,7749,9845,18.0222,7.9376,10.0846
National,X,2026,8,94017,5220,9516,15.6738,5.55219,10.1216
National,X,2026,9,89860,3771,10017,15.3439,4.19653,11.1473
National,X,2026,10,83479,2390,9144,13.8166,2.863,10.9537
National,X,2026,11,75445,1541,6917,11.2108,2.04255,9.16827
National,X,2026,12,70109,1126,5618,9.61931,1.60607,8.01324
National,X,2026,13,64448,800,4210,7.77371,1.24131,6.5324
National,X,2026,14,61036,541,3065,5.90799,0.886362,5.02163
National,X,2026,15,59380,454,2233,4.52509,0.764567,3.76053
National,X,2026,16,54674,346,1521,3.41479,0.632842,2.78194
National,X,2026,17,52397,256,1300,2.96964,0.488578,2.48106
National,X,2026,18,51695,223,1057,2.47606,0.431376,2.04469
National,X,2026,19,47578,150,758,1.90845,0.315272,1.59317
National,X,2026,20,43481,115,556,1.5432,0.264483,1.27872
National,X,2026,21,41559,138,406,1.30898,0.332058,0.976924
National,X,2026,22,38215,88,261,0.913254,0.230276,0.682978
National,X,2026,23,35217,70,208,0.789391,0.198768,0.590624
National,X,2026,24,33001,67,145,0.642405,0.203024,0.439381
National,X,2026,25,31714,76,75,0.47613,0.239642,0.236489
National,X,2026,26,29890,91,73,0.548678,0.30445,0.244229
National,X,2026,27,29475,138,86,0.759966,0.468193,0.291773
National,X,2026,28,27716,87,64,0.544812,0.313898,0.230914
National,X,2026,29,27485,99,26,0.454794,0.360196,0.0945971
National,X,2026,30,26514,80,34,0.429962,0.301727,0.128234
National,X,2026,31,27761,115,20,0.486294,0.41425,0.0720435
National,X,2026,32,28969,155,39,0.669681,0.535055,0.134627
National,X,2026,33,32429,232,26,0.795584,0.715409,0.0801752
National,X,2026,34,35546,317,43,1.01277,0.891802,0.12097
National,X,2026,35,39109,552,25,1.47536,1.41144,0.0639239
National,X,2026,36,40907,687,31,1.7552,1.67942,0.0757817
National,X,2026,37,45011,1127,43,2.59936,2.50383,0.0955322
National,X,2026,38,33547,1108,43,3.43101,3.30283,0.128178
