region,season,comparable_baseline,weeks,last_epiweek,median_providers,min_providers,max_providers,total_patient_visits,clinical_specimens,clinical_weeks,phl_specimens,season_complete
National,2019-20,FALSE,52,202039,2938.5,2613,3022,66752277,1528577,52,106353,TRUE
National,2020-21,FALSE,53,202139,3297,2919,3471,86351453,1695749,53,765937,TRUE
National,2021-22,FALSE,52,202239,3523,3267,3613,101107417,3832435,52,1152308,TRUE
National,2022-23,TRUE,52,202339,3680,3518,3793,116632755,4243531,52,294491,TRUE
National,2023-24,TRUE,52,202439,4047.5,3798,4141,127262933,4195312,52,137269,TRUE
National,2024-25,TRUE,52,202539,4207.5,3987,4273,135311372,4214252,52,165404,TRUE
National,2025-26,TRUE,52,202638,4302.5,3865,4371,134903386,3159585,52,112060,FALSE
Region 1,2019-20,FALSE,52,202039,236,213,271,5467665,91916,52,3799,TRUE
Region 1,2020-21,FALSE,53,202139,265,243,277,7075514,70288,53,29972,TRUE
Region 1,2021-22,FALSE,52,202239,262.5,235,276,7670517,203831,52,79819,TRUE
Region 1,2022-23,TRUE,52,202339,257.5,244,266,8133339,268424,52,20954,TRUE
Region 1,2023-24,TRUE,52,202439,278.5,263,289,8828205,274255,52,12357,TRUE
Region 1,2024-25,TRUE,52,202539,282.5,271,290,8853182,275077,52,18720,TRUE
Region 1,2025-26,TRUE,52,202638,282.5,268,288,8471937,208746,52,9651,FALSE
Region 10,2019-20,FALSE,52,202039,170.5,155,183,3263400,127370,52,5650,TRUE
Region 10,2020-21,FALSE,53,202139,188,165,206,3952674,156996,53,23451,TRUE
Region 10,2021-22,FALSE,52,202239,202,175,207,4511128,327565,52,47080,TRUE
Region 10,2022-23,TRUE,52,202339,201,117,207,5071067,416176,52,36764,TRUE
Region 10,2023-24,TRUE,52,202439,231.5,192,235,6537693,305939,52,9223,TRUE
Region 10,2024-25,TRUE,52,202539,297,275,299,8279986,283162,52,12815,TRUE
Region 10,2025-26,TRUE,52,202638,317,305,335,8950773,239547,52,9210,FALSE
Region 2,2019-20,FALSE,52,202039,244,193,270,8136086,116165,52,4087,TRUE
Region 2,2020-21,FALSE,53,202139,197,185,245,7931193,208474,53,57953,TRUE
Region 2,2021-22,FALSE,52,202239,194,161,204,8443954,351760,52,95518,TRUE
Region 2,2022-23,TRUE,52,202339,266,245,275,10330156,412531,52,27607,TRUE
Region 2,2023-24,TRUE,52,202439,246,230,271,10406598,352299,52,13560,TRUE
Region 2,2024-25,TRUE,52,202539,295.5,286,306,12413342,280550,52,12143,TRUE
Region 2,2025-26,TRUE,52,202638,389,257,405,13493243,202790,52,7440,FALSE
Region 3,2019-20,FALSE,52,202039,409.5,344,431,10764145,95828,52,15253,TRUE
Region 3,2020-21,FALSE,53,202139,395,193,423,11605127,120452,53,108732,TRUE
Region 3,2021-22,FALSE,52,202239,386,337,400,12405355,209549,52,189808,TRUE
Region 3,2022-23,TRUE,52,202339,409,389,422,13038154,217768,52,58529,TRUE
Region 3,2023-24,TRUE,52,202439,437,414,454,13733351,178151,52,26585,TRUE
Region 3,2024-25,TRUE,52,202539,425,393,440,13382229,192383,52,19498,TRUE
Region 3,2025-26,TRUE,52,202638,449,431,460,14398823,162000,52,21167,FALSE
Region 4,2019-20,FALSE,52,202039,574.5,498,883,17650367,205694,52,14695,TRUE
Region 4,2020-21,FALSE,53,202139,918,866,956,27131977,130750,53,95335,TRUE
Region 4,2021-22,FALSE,52,202239,965,883,989,29890205,403384,52,27674,TRUE
Region 4,2022-23,TRUE,52,202339,947,908,968,30301335,385392,52,9097,TRUE
Region 4,2023-24,TRUE,52,202439,935.5,841,960,30149803,416849,52,9935,TRUE
Region 4,2024-25,TRUE,52,202539,958,887,973,34505215,359491,52,17075,TRUE
Region 4,2025-26,TRUE,52,202638,956.5,920,969,34289304,255241,52,11707,FALSE
Region 5,2019-20,FALSE,52,202039,379,319,422,6887795,349542,52,16184,TRUE
Region 5,2020-21,FALSE,53,202139,495,407,530,10569631,325205,53,8799,TRUE
Region 5,2021-22,FALSE,52,202239,635.5,592,650,15727299,935806,52,198528,TRUE
Region 5,2022-23,TRUE,52,202339,616.5,587,635,15887392,818714,52,64986,TRUE
Region 5,2023-24,TRUE,52,202439,812.5,770,837,19691090,925503,52,15385,TRUE
Region 5,2024-25,TRUE,52,202539,871,796,889,20858777,1023793,52,18702,TRUE
Region 5,2025-26,TRUE,52,202638,854,694,872,20170519,854765,52,14254,FALSE
Region 6,2019-20,FALSE,52,202039,279.5,210,316,5122623,197824,52,8854,TRUE
Region 6,2020-21,FALSE,53,202139,271,236,310,6713261,254857,53,10427,TRUE
Region 6,2021-22,FALSE,52,202239,277,245,287,7700636,597611,52,91092,TRUE
Region 6,2022-23,TRUE,52,202339,250.5,228,270,7838734,648357,52,17939,TRUE
Region 6,2023-24,TRUE,52,202439,254.5,233,273,7803432,666195,52,12145,TRUE
Region 6,2024-25,TRUE,52,202539,247.5,207,255,6797625,553418,52,11878,TRUE
Region 6,2025-26,TRUE,52,202638,227,211,237,6324140,442158,52,6950,FALSE
Region 7,2019-20,FALSE,52,202039,130,107,161,1839727,88103,52,3635,TRUE
Region 7,2020-21,FALSE,53,202139,157,145,167,2805790,113640,53,89473,TRUE
Region 7,2021-22,FALSE,52,202239,152,135,173,3012366,256467,52,76902,TRUE
Region 7,2022-23,TRUE,52,202339,171.5,153,178,3387407,312436,52,6711,TRUE
Region 7,2023-24,TRUE,52,202439,179,150,185,3288878,280299,52,2811,TRUE
Region 7,2024-25,TRUE,52,202539,166.5,150,170,2845447,353045,52,6575,TRUE
Region 7,2025-26,TRUE,52,202638,168,145,173,2878098,287533,52,4671,FALSE
Region 8,2019-20,FALSE,52,202039,210.5,177,232,3722694,111610,52,13837,TRUE
Region 8,2020-21,FALSE,53,202139,210,201,221,3948964,104752,53,130316,TRUE
Region 8,2021-22,FALSE,52,202239,210,159,213,4280565,159896,52,51535,TRUE
Region 8,2022-23,TRUE,52,202339,226,196,237,4608850,109954,52,6354,TRUE
Region 8,2023-24,TRUE,52,202439,231,212,237,4645921,118080,52,5430,TRUE
Region 8,2024-25,TRUE,52,202539,237,185,242,5129488,125934,52,7468,TRUE
Region 8,2025-26,TRUE,52,202638,232,183,238,5103501,121169,52,6747,FALSE
Region 9,2019-20,FALSE,52,202039,180,155,216,3893049,144525,52,20359,TRUE
Region 9,2020-21,FALSE,53,202139,187,164,211,4614407,210335,53,211479,TRUE
Region 9,2021-22,FALSE,52,202239,228.5,212,241,7461866,386566,52,294352,TRUE
Region 9,2022-23,TRUE,52,202339,326.5,287,350,18035681,653779,52,45550,TRUE
Region 9,2023-24,TRUE,52,202439,438,406,447,22177962,677742,52,29838,TRUE
Region 9,2024-25,TRUE,52,202539,426,401,437,22246081,767399,52,40530,TRUE
Region 9,2025-26,TRUE,52,202638,414.5,386,421,20823048,385636,52,20263,FALSE
