issue,release_date,days_since_prev
202240,2022-10-14,NA
202241,2022-10-21,7
202242,2022-10-28,7
202243,2022-11-04,7
202244,2022-11-10,6
202245,2022-11-18,8
202246,2022-11-28,10
202247,2022-12-02,4
202248,2022-12-09,7
202249,2022-12-16,7
202250,2022-12-23,7
202251,2022-12-30,7
202252,2023-01-06,7
202301,2023-01-13,7
202302,2023-01-20,7
202303,2023-01-27,7
202304,2023-02-03,7
202305,2023-02-10,7
202306,2023-02-17,7
202307,2023-02-24,7
202308,2023-03-03,7
202309,2023-03-10,7
202310,2023-03-17,7
202311,2023-03-24,7
202312,2023-03-31,7
202313,2023-04-07,7
202314,2023-04-14,7
202315,2023-04-21,7
202316,2023-04-28,7
202317,2023-05-05,7
202318,2023-05-12,7
202319,2023-05-19,7
202320,2023-05-26,7
202321,2023-06-02,7
202322,2023-06-09,7
202323,2023-06-16,7
202324,2023-06-23,7
202325,2023-06-30,7
202326,2023-07-07,7
202327,2023-07-15,8
202328,2023-07-21,6
202329,2023-07-28,7
202330,2023-08-04,7
202331,2023-08-11,7
202332,2023-08-18,7
202333,2023-08-25,7
202334,2023-09-01,7
202335,2023-09-08,7
202336,2023-09-15,7
202337,2023-09-22,7
202338,2023-09-29,7
202339,2023-10-06,7
202340,2023-10-13,7
202341,2023-10-20,7
202342,2023-10-27,7
202343,2023-11-03,7
202344,2023-11-13,10
202345,2023-11-17,4
202346,2023-11-27,10
202347,2023-12-01,4
202348,2023-12-08,7
202349,2023-12-15,7
202350,2023-12-22,7
202351,2023-12-29,7
202352,2024-01-05,7
202401,2024-01-12,7
202402,2024-01-19,7
202403,2024-01-26,7
202404,2024-02-02,7
202405,2024-02-09,7
202406,2024-02-16,7
202407,2024-02-23,7
202408,2024-03-01,7
202409,2024-03-08,7
202410,2024-03-15,7
202411,2024-03-22,7
202412,2024-03-29,7
202413,2024-04-05,7
202414,2024-04-12,7
202415,2024-04-19,7
202416,2024-04-26,7
202417,2024-05-03,7
202418,2024-05-10,7
202419,2024-05-17,7
202420,2024-05-25,8
202421,2024-05-31,6
202422,2024-06-07,7
202423,2024-06-14,7
202424,2024-06-21,7
202425,2024-06-28,7
202426,2024-07-05,7
202427,2024-07-12,7
202428,2024-07-19,7
202429,2024-07-26,7
202430,2024-08-02,7
202431,2024-08-09,7
202432,2024-08-16,7
202433,2024-08-23,7
202434,2024-08-30,7
202435,2024-09-06,7
202436,2024-09-13,7
202437,2024-09-20,7
202438,2024-09-27,7
202439,2024-10-04,7
202440,2024-10-11,7
202441,2024-10-18,7
202442,2024-10-25,7
202443,2024-11-01,7
202444,2024-11-08,7
202445,2024-11-15,7
202446,2024-11-22,7
202447,2024-12-02,10
202448,2024-12-06,4
202449,2024-12-13,7
202450,2024-12-20,7
202451,2024-12-27,7
202452,2025-01-03,7
202501,2025-01-13,10
202502,2025-01-17,4
202503,2025-01-27,10
202504,2025-01-31,4
202505,2025-02-07,7
202506,2025-02-14,7
202507,2025-02-21,7
202508,2025-02-28,7
202509,2025-03-07,7
202510,2025-03-14,7
202511,2025-03-21,7
202512,2025-03-28,7
202513,2025-04-04,7
202514,2025-04-11,7
202515,2025-04-18,7
202516,2025-04-25,7
202517,2025-05-02,7
202518,2025-05-09,7
202519,2025-05-16,7
202520,2025-05-23,7
202521,2025-05-30,7
202522,2025-06-06,7
202523,2025-06-13,7
202524,2025-06-20,7
202525,2025-06-27,7
202526,2025-07-07,10
202527,2025-07-11,4
202528,2025-07-18,7
202529,2025-07-25,7
202530,2025-08-01,7
202531,2025-08-09,8
202532,2025-08-20,11
202533,2025-08-23,3
202534,2025-09-02,10
202535,2025-09-05,3
202536,2025-09-12,7
202537,2025-09-20,8
202538,2025-09-26,6
202545,2025-11-14,49
202546,2025-11-21,7
202547,2025-12-01,10
202548,2025-12-06,5
202549,2025-12-12,6
202550,2025-12-19,7
202551,2025-12-30,11
202552,2026-01-05,6
202553,2026-01-09,4
202601,2026-01-16,7
202602,2026-01-23,7
202603,2026-01-30,7
202604,2026-02-06,7
202605,2026-02-13,7
202606,2026-02-20,7
202607,2026-02-27,7
202608,2026-03-06,7
202609,2026-03-13,7
202610,2026-03-20,7
202611,2026-03-27,7
202612,2026-04-03,7
202613,2026-04-10,7
202614,2026-04-17,7
202615,2026-04-24,7
202616,2026-05-01,7
202617,2026-05-08,7
202618,2026-05-15,7
202619,2026-05-22,7
202620,2026-05-29,7
202621,2026-06-05,7
202622,2026-06-12,7
202623,2026-06-22,10
202624,2026-06-26,4
202625,2026-07-06,10
202626,2026-07-10,4
202627,2026-07-17,7
202628,2026-07-24,7
202629,2026-07-31,7
202630,2026-08-07,7
202631,2026-08-14,7
202632,2026-08-21,7
202633,2026-08-28,7
202634,2026-09-04,7
202635,2026-09-11,7
202636,2026-09-18,7
202637,2026-09-25,7
202638,2026-10-02,7
