region,season,total_specimens,a_h1n1pdm09,a_h3,a_not_subtyped,a_h3n2v,a_h5,b_lineage_nd,b_victoria,b_yamagata,weeks,total_positive,a_subtyped,share_h3_of_subtyped_a,share_h1_of_subtyped_a,share_b_of_positive
National,2019-20,106353,23994,1849,1773,1,0,4143,14972,242,52,46974,25844,0.07154465253056802,0.9284166537687665,0.4120790224379444
National,2020-21,765937,28,105,156,2,0,96,25,10,53,422,135,0.7777777777777778,0.2074074074074074,0.3104265402843602
National,2021-22,1152308,111,20893,5351,5,0,133,48,1,52,26542,21009,0.9944785568089867,0.005283449950021419,0.0068570567402607184
National,2022-23,294491,7846,17745,4457,2,0,282,1278,0,52,31610,25593,0.6933536513890517,0.3065682022428008,0.049351471053464095
National,2023-24,137269,17730,9981,4270,3,13,1150,8168,0,52,41315,27727,0.35997403253146754,0.6394489126122552,0.2255355197870023
National,2024-25,165404,45761,40313,12523,0,79,2790,3372,0,52,104838,86153,0.4679233456757165,0.5311596810325816,0.058776397871000974
National,2025-26,112060,7548,39982,10086,0,2,6522,4581,0,52,68721,47532,0.8411596398215939,0.15879828326180256,0.16156633343519447
Region 1,2019-20,3799,1060,185,9,0,0,31,764,20,52,2069,1245,0.14859437751004015,0.8514056224899599,0.39391010149830835
Region 1,2020-21,29972,2,0,0,0,0,1,2,0,53,5,2,0,1,0.6
Region 1,2021-22,79819,2,1353,257,0,0,0,8,0,52,1620,1355,0.9985239852398524,0.0014760147601476014,0.0049382716049382715
Region 1,2022-23,20954,398,1097,1418,0,0,8,43,0,52,2964,1495,0.7337792642140468,0.2662207357859532,0.01720647773279352
Region 1,2023-24,12357,2385,1074,534,0,0,59,476,0,52,4528,3459,0.3104943625325238,0.6895056374674762,0.11815371024734983
Region 1,2024-25,18720,4642,4043,1083,0,0,1449,160,0,52,11377,8685,0.46551525618883133,0.5344847438111687,0.1414256833963259
Region 1,2025-26,9651,483,3764,822,0,0,895,65,0,52,6029,4247,0.8862726630562751,0.11372733694372499,0.15923038646541715
Region 10,2019-20,5650,1051,147,43,0,0,919,1180,16,52,3356,1198,0.12270450751252086,0.8772954924874792,0.6302145411203814
Region 10,2020-21,23451,1,2,4,0,0,3,1,1,53,12,3,0.6666666666666666,0.3333333333333333,0.4166666666666667
Region 10,2021-22,47080,3,1077,140,0,0,8,8,0,52,1236,1080,0.9972222222222222,0.002777777777777778,0.012944983818770227
Region 10,2022-23,36764,1199,2945,451,0,0,10,46,0,52,4651,4144,0.7106660231660231,0.2893339768339768,0.012040421414749517
Region 10,2023-24,9223,903,278,82,0,0,19,373,0,52,1655,1181,0.23539373412362405,0.7646062658763759,0.23685800604229607
Region 10,2024-25,12815,3502,3039,373,0,16,275,125,0,52,7330,6557,0.4634741497636114,0.5340857099283208,0.054570259208731244
Region 10,2025-26,9210,1022,3468,110,0,2,284,522,0,52,5408,4492,0.7720391807658059,0.22751558325912732,0.14903846153846154
Region 2,2019-20,4087,1091,193,12,0,0,317,302,29,52,1944,1284,0.15031152647975077,0.8496884735202492,0.3333333333333333
Region 2,2020-21,57953,2,2,1,0,0,7,0,0,53,12,4,0.5,0.5,0.5833333333333334
Region 2,2021-22,95518,6,648,405,0,0,7,0,0,52,1066,654,0.9908256880733946,0.009174311926605505,0.006566604127579738
Region 2,2022-23,27607,185,813,489,0,0,59,58,0,52,1604,998,0.814629258517034,0.18537074148296592,0.07294264339152119
Region 2,2023-24,13560,1059,376,309,0,0,83,149,0,52,1976,1435,0.2620209059233449,0.7379790940766551,0.11740890688259109
Region 2,2024-25,12143,3786,2617,661,0,0,58,112,0,52,7234,6403,0.4087146650007809,0.5912853349992191,0.023500138236107273
Region 2,2025-26,7440,453,3761,71,0,0,270,146,0,52,4701,4214,0.8925011865211201,0.10749881347887992,0.08849181025313763
Region 3,2019-20,15253,3567,263,38,0,0,530,2507,36,52,6941,3830,0.06866840731070496,0.931331592689295,0.44273159487105607
Region 3,2020-21,108732,1,62,1,0,0,1,1,0,53,66,63,0.9841269841269841,0.015873015873015872,0.030303030303030304
Region 3,2021-22,189808,24,2251,251,3,0,24,3,1,52,2557,2278,0.9881474978050921,0.010535557506584723,0.010950332420805632
Region 3,2022-23,58529,674,1240,119,0,0,1,83,0,52,2117,1914,0.6478578892371996,0.35214211076280044,0.0396787907416155
Region 3,2023-24,26585,2290,1641,254,0,0,61,1318,0,52,5564,3931,0.4174510302721954,0.5825489697278047,0.24784327821711
Region 3,2024-25,19498,4165,3753,4525,0,1,221,502,0,52,13167,7919,0.4739234751862609,0.5259502462432125,0.05491000227842333
Region 3,2025-26,21167,669,5741,6888,0,0,603,958,0,52,14859,6410,0.8956318252730109,0.10436817472698907,0.10505417592031766
Region 4,2019-20,14695,3764,165,42,0,0,254,1751,36,52,6012,3929,0.04199541868159837,0.9580045813184016,0.33948769128409845
Region 4,2020-21,95335,5,3,23,0,0,8,3,3,53,45,8,0.375,0.625,0.3111111111111111
Region 4,2021-22,27674,17,2968,342,0,0,5,7,0,52,3339,2985,0.9943048576214405,0.005695142378559464,0.0035938903863432167
Region 4,2022-23,9097,1180,2410,306,0,0,7,311,0,52,4214,3590,0.6713091922005571,0.3286908077994429,0.07546274323682961
Region 4,2023-24,9935,2246,1231,294,0,0,62,1389,0,52,5222,3477,0.35404083980442913,0.6459591601955709,0.2778628877824588
Region 4,2024-25,17075,4208,4349,1689,0,0,97,143,0,52,10486,8557,0.5082388687624168,0.49176113123758325,0.022887659736791913
Region 4,2025-26,11707,1021,4516,156,0,0,496,690,0,52,6879,5537,0.815604117753296,0.184395882246704,0.17240878034598053
Region 5,2019-20,16184,3722,195,284,0,0,582,2324,42,52,7149,3917,0.049782997191728365,0.9502170028082716,0.41236536578542454
Region 5,2020-21,8799,1,12,12,1,0,13,0,1,53,40,14,0.8571428571428571,0.07142857142857142,0.35
Region 5,2021-22,198528,32,3197,634,2,0,10,6,0,52,3881,3231,0.9894769421231817,0.009904054472299598,0.004122648801855192
Region 5,2022-23,64986,1513,2731,449,1,0,12,140,0,52,4846,4245,0.6433451118963487,0.3564193168433451,0.031366075113495664
Region 5,2023-24,15385,2726,1531,621,2,1,96,1248,0,52,6225,4260,0.35938967136150235,0.639906103286385,0.21590361445783132
Region 5,2024-25,18702,6669,3209,1418,0,4,119,473,0,52,11892,9882,0.3247318356607974,0.674863387978142,0.04978136562394887
Region 5,2025-26,14254,720,5338,1215,0,0,1333,416,0,52,9022,6058,0.8811488940244305,0.1188511059755695,0.19385945466637108
Region 6,2019-20,8854,1558,81,30,0,0,428,909,1,52,3007,1639,0.04942037827943868,0.9505796217205613,0.4449617559028933
Region 6,2020-21,10427,5,9,4,0,0,1,11,2,53,32,14,0.6428571428571429,0.35714285714285715,0.4375
Region 6,2021-22,91092,10,1935,534,0,0,14,3,0,52,2496,1945,0.9948586118251928,0.005141388174807198,0.006810897435897436
Region 6,2022-23,17939,686,992,170,1,0,68,44,0,52,1961,1679,0.5908278737343657,0.40857653365098273,0.05711371749107598
Region 6,2023-24,12145,1030,552,250,0,0,37,744,0,52,2613,1582,0.34892541087231355,0.6510745891276865,0.29889016456180634
Region 6,2024-25,11878,1922,2568,1160,0,2,77,50,0,52,5779,4492,0.5716829919857525,0.42787177203918075,0.021976120436061602
Region 6,2025-26,6950,353,2149,162,0,0,207,474,0,52,3345,2502,0.8589128697042366,0.1410871302957634,0.20358744394618833
Region 7,2019-20,3635,791,67,23,0,0,90,695,6,52,1672,858,0.0780885780885781,0.921911421911422,0.4730861244019139
Region 7,2020-21,89473,9,5,8,1,0,8,0,0,53,31,15,0.3333333333333333,0.6,0.25806451612903225
Region 7,2021-22,76902,3,751,921,0,0,5,1,0,52,1681,754,0.9960212201591512,0.003978779840848806,0.003569303985722784
Region 7,2022-23,6711,297,587,290,0,0,13,129,0,52,1316,884,0.6640271493212669,0.33597285067873306,0.10790273556231003
Region 7,2023-24,2811,555,356,73,0,1,33,395,0,52,1413,912,0.39035087719298245,0.6085526315789473,0.3029016277423921
Region 7,2024-25,6575,2549,1709,454,0,1,191,1,0,52,4905,4259,0.4012679032636769,0.5984972998356421,0.03914373088685015
Region 7,2025-26,4671,191,1867,37,0,0,464,1,0,52,2560,2058,0.9071914480077745,0.09280855199222546,0.181640625
Region 8,2019-20,13837,2122,146,33,0,0,293,1662,11,52,4267,2268,0.06437389770723104,0.935626102292769,0.46074525427700963
Region 8,2020-21,130316,1,4,59,0,0,20,5,0,53,89,5,0.8,0.2,0.2808988764044944
Region 8,2021-22,51535,7,3937,1149,0,0,14,1,0,52,5108,3944,0.9982251521298174,0.0017748478701825558,0.0029365700861393894
Region 8,2022-23,6354,831,1349,220,0,0,12,160,0,52,2572,2180,0.6188073394495412,0.3811926605504587,0.06687402799377916
Region 8,2023-24,5430,1378,948,106,1,11,56,1141,0,52,3641,2338,0.40547476475620187,0.5893926432848589,0.3287558363087064
Region 8,2024-25,7468,2272,1773,271,0,0,78,96,0,52,4490,4045,0.43831891223733005,0.56168108776267,0.03875278396436525
Region 8,2025-26,6747,417,2646,49,0,0,641,607,0,52,4360,3063,0.8638589618021547,0.13614103819784526,0.28623853211009176
Region 9,2019-20,20359,5268,407,1259,1,0,699,2878,45,52,10557,5676,0.07170542635658915,0.9281183932346723,0.3430898929620157
Region 9,2020-21,211479,1,6,44,0,0,34,2,3,53,90,7,0.8571428571428571,0.14285714285714285,0.43333333333333335
Region 9,2021-22,294352,7,2776,718,0,0,46,11,0,52,3558,2783,0.9974847287100251,0.0025152712899748474,0.016020236087689713
Region 9,2022-23,45550,883,3581,545,0,0,92,264,0,52,5365,4464,0.8021953405017921,0.19780465949820789,0.0663560111835974
Region 9,2023-24,29838,3158,1994,1747,0,0,644,935,0,52,8478,5152,0.3870341614906832,0.6129658385093167,0.18624675631045057
Region 9,2024-25,40530,12046,13253,889,0,55,225,1710,0,52,28178,25354,0.5227183087481265,0.4751124082984933,0.06867059408048833
Region 9,2025-26,20263,2219,6732,576,0,0,1329,702,0,52,11558,8951,0.7520947380180986,0.24790526198190146,0.17572244332929574
