region,base_min_wili,base_max_wili,base_mean_wili,base_min_pos,base_max_pos,base_mean_pos,peak_wili,peak_wili_epiweek,peak_pct_positive,peak_pos_epiweek,wili_vs_base_max,pos_vs_base_max
National,6.7962,7.84378,7.355096666666666,18.1605,31.6481,25.35813333333333,8.29853,202552,31.7039,202552,0.45474999999999977,0.055800000000001404
Region 1,5.21112,9.38295,7.312586666666666,16.5517,33.7605,26.262133333333335,10.3217,202552,32.9791,202552,0.9387500000000006,-0.7813999999999979
Region 10,3.72804,9.63301,7.262286666666667,11.4048,31.8304,23.56706666666667,6.82096,202605,25.2845,202605,-2.81205,-6.5459
Region 2,6.77258,9.21998,8.37136,20.2625,30.475,25.6464,13.5865,202552,37.3213,202552,4.3665199999999995,6.846299999999999
Region 3,5.64182,7.14341,6.37192,18.3692,33.218,26.669566666666668,6.44007,202552,27.6607,202552,-0.7033399999999999,-5.557300000000005
Region 4,8.38326,9.71012,8.961126666666667,22.1531,27.1858,23.9086,9.35534,202552,34.8552,202552,-0.3547799999999999,7.669400000000003
Region 5,4.63936,8.11677,6.328976666666667,23.0758,36.3725,30.3942,7.42245,202552,35.256100000000004,202552,-0.6943200000000003,-1.1163999999999987
Region 6,8.2941,10.2722,9.096113333333333,26.1068,37.3103,30.176033333333333,8.87308,202552,38.0531,202552,-1.39912,0.7428000000000026
Region 7,4.37182,7.07523,6.069976666666666,27.9966,36.217,33.39906666666667,7.74151,202552,28.3357,202552,0.6662799999999995,-7.8812999999999995
Region 8,5.56439,7.75034,6.697143333333333,25.6909,30.7924,28.1303,7.4467,202552,39.9185,202552,-0.3036399999999997,9.126100000000001
Region 9,7.2942,8.64684,7.940449999999999,17.6852,26.6229,21.813633333333332,5.81486,202553,17.6147,202605,-2.831979999999999,-9.008200000000002
