region,season,comparable_baseline,peak_wili,peak_wili_epiweek,peak_wili_week_end,peak_pct_positive,peak_pos_epiweek,peak_pos_week_end
National,2019-20,FALSE,7.06161,201952,2019-12-28,30.2596,202006,2020-02-08
National,2020-21,FALSE,2.26655,202135,2021-09-04,0.388636,202041,2020-10-10
National,2021-22,FALSE,4.90468,202152,2022-01-01,9.88646,202215,2022-04-16
National,2022-23,TRUE,7.42531,202247,2022-11-26,26.2658,202249,2022-12-10
National,2023-24,TRUE,6.7962,202352,2023-12-30,18.1605,202352,2023-12-30
National,2024-25,TRUE,7.84378,202506,2025-02-08,31.6481,202505,2025-02-01
National,2025-26,TRUE,8.29853,202552,2025-12-27,31.7039,202552,2025-12-27
Region 1,2019-20,FALSE,7.14812,202006,2020-02-08,38.3981,202005,2020-02-01
Region 1,2020-21,FALSE,1.15875,202139,2021-10-02,0.428082,202118,2021-05-08
Region 1,2021-22,FALSE,3.48245,202152,2022-01-01,12.1133,202219,2022-05-14
Region 1,2022-23,TRUE,7.34369,202250,2022-12-17,28.4742,202249,2022-12-10
Region 1,2023-24,TRUE,5.21112,202352,2023-12-30,16.5517,202406,2024-02-10
Region 1,2024-25,TRUE,9.38295,202506,2025-02-08,33.7605,202506,2025-02-08
Region 1,2025-26,TRUE,10.3217,202552,2025-12-27,32.9791,202552,2025-12-27
Region 10,2019-20,FALSE,7.20584,201952,2019-12-28,27.4066,201952,2019-12-28
Region 10,2020-21,FALSE,1.56227,202135,2021-09-04,0.365408,202041,2020-10-10
Region 10,2021-22,FALSE,3.16323,202201,2022-01-08,5.88854,202216,2022-04-23
Region 10,2022-23,TRUE,9.63301,202247,2022-11-26,31.8304,202247,2022-11-26
Region 10,2023-24,TRUE,3.72804,202352,2023-12-30,11.4048,202351,2023-12-23
Region 10,2024-25,TRUE,8.42581,202452,2024-12-28,27.466,202506,2025-02-08
Region 10,2025-26,TRUE,6.82096,202605,2026-02-07,25.2845,202605,2026-02-07
Region 2,2019-20,FALSE,11.9218,202013,2020-03-28,28.2534,202006,2020-02-08
Region 2,2020-21,FALSE,3.19954,202139,2021-10-02,0.352113,202043,2020-10-24
Region 2,2021-22,FALSE,7.31966,202152,2022-01-01,10.9113,202215,2022-04-16
Region 2,2022-23,TRUE,9.12152,202249,2022-12-10,26.2017,202248,2022-12-03
Region 2,2023-24,TRUE,6.77258,202352,2023-12-30,20.2625,202352,2023-12-30
Region 2,2024-25,TRUE,9.21998,202504,2025-01-25,30.475,202506,2025-02-08
Region 2,2025-26,TRUE,13.5865,202552,2025-12-27,37.3213,202552,2025-12-27
Region 3,2019-20,FALSE,6.81039,202012,2020-03-21,31.9365,202006,2020-02-08
Region 3,2020-21,FALSE,2.17124,202137,2021-09-18,0.507246,202040,2020-10-03
Region 3,2021-22,FALSE,5.06318,202152,2022-01-01,8.83994,202214,2022-04-09
Region 3,2022-23,TRUE,6.33053,202247,2022-11-26,28.4215,202247,2022-11-26
Region 3,2023-24,TRUE,5.64182,202352,2023-12-30,18.3692,202352,2023-12-30
Region 3,2024-25,TRUE,7.14341,202506,2025-02-08,33.218,202506,2025-02-08
Region 3,2025-26,TRUE,6.44007,202552,2025-12-27,27.6607,202552,2025-12-27
Region 4,2019-20,FALSE,8.76758,201952,2019-12-28,26.9231,201952,2019-12-28
Region 4,2020-21,FALSE,3.36946,202133,2021-08-21,1.11907,202047,2020-11-21
Region 4,2021-22,FALSE,6.02891,202152,2022-01-01,9.78147,202221,2022-05-28
Region 4,2022-23,TRUE,8.38326,202244,2022-11-05,22.3869,202244,2022-11-05
Region 4,2023-24,TRUE,9.71012,202352,2023-12-30,22.1531,202352,2023-12-30
Region 4,2024-25,TRUE,8.79,202505,2025-02-01,27.1858,202505,2025-02-01
Region 4,2025-26,TRUE,9.35534,202552,2025-12-27,34.8552,202552,2025-12-27
Region 5,2019-20,FALSE,5.52929,202006,2020-02-08,37.4206,202007,2020-02-15
Region 5,2020-21,FALSE,1.50146,202137,2021-09-18,0.382897,202041,2020-10-10
Region 5,2021-22,FALSE,3.96112,202152,2022-01-01,12.2812,202215,2022-04-16
Region 5,2022-23,TRUE,6.2308,202247,2022-11-26,31.7343,202249,2022-12-10
Region 5,2023-24,TRUE,4.63936,202408,2024-02-24,23.0758,202409,2024-03-02
Region 5,2024-25,TRUE,8.11677,202506,2025-02-08,36.3725,202506,2025-02-08
Region 5,2025-26,TRUE,7.42245,202552,2025-12-27,35.256100000000004,202552,2025-12-27
Region 6,2019-20,FALSE,13.4026,201952,2019-12-28,36.1372,201952,2019-12-28
Region 6,2020-21,FALSE,2.89162,202135,2021-09-04,2.22888,202051,2020-12-19
Region 6,2021-22,FALSE,5.59244,202201,2022-01-08,16.6039,202211,2022-03-19
Region 6,2022-23,TRUE,8.72204,202247,2022-11-26,26.1068,202247,2022-11-26
Region 6,2023-24,TRUE,8.2941,202351,2023-12-23,27.111,202404,2024-01-27
Region 6,2024-25,TRUE,10.2722,202505,2025-02-01,37.3103,202505,2025-02-01
Region 6,2025-26,TRUE,8.87308,202552,2025-12-27,38.0531,202552,2025-12-27
Region 7,2019-20,FALSE,7.25331,202006,2020-02-08,36.7157,202006,2020-02-08
Region 7,2020-21,FALSE,2.3376,202045,2020-11-07,0.175593,202115,2021-04-17
Region 7,2021-22,FALSE,4.26646,202152,2022-01-01,12.7231,202210,2022-03-12
Region 7,2022-23,TRUE,6.76288,202247,2022-11-26,35.9836,202250,2022-12-17
Region 7,2023-24,TRUE,4.37182,202408,2024-02-24,27.9966,202409,2024-03-02
Region 7,2024-25,TRUE,7.07523,202506,2025-02-08,36.217,202505,2025-02-01
Region 7,2025-26,TRUE,7.74151,202552,2025-12-27,28.3357,202552,2025-12-27
Region 8,2019-20,FALSE,6.83833,202005,2020-02-01,31.827,202004,2020-01-25
Region 8,2020-21,FALSE,2.11461,202136,2021-09-11,0.192926,202042,2020-10-17
Region 8,2021-22,FALSE,4.21511,202152,2022-01-01,10.2009,202218,2022-05-07
Region 8,2022-23,TRUE,7.75034,202250,2022-12-17,25.6909,202249,2022-12-10
Region 8,2023-24,TRUE,6.7767,202352,2023-12-30,27.9076,202352,2023-12-30
Region 8,2024-25,TRUE,5.56439,202452,2024-12-28,30.7924,202506,2025-02-08
Region 8,2025-26,TRUE,7.4467,202552,2025-12-27,39.9185,202552,2025-12-27
Region 9,2019-20,FALSE,4.74509,202006,2020-02-08,30.5536,202004,2020-01-25
Region 9,2020-21,FALSE,2.55035,202135,2021-09-04,0.565327,202044,2020-10-31
Region 9,2021-22,FALSE,4.11992,202152,2022-01-01,12.2695,202222,2022-06-04
Region 9,2022-23,TRUE,7.88031,202247,2022-11-26,21.1328,202248,2022-12-03
Region 9,2023-24,TRUE,7.2942,202352,2023-12-30,17.6852,202351,2023-12-23
Region 9,2024-25,TRUE,8.64684,202452,2024-12-28,26.6229,202505,2025-02-01
Region 9,2025-26,TRUE,5.81486,202553,2026-01-03,17.6147,202605,2026-02-07
